{
    "min_": [
        -3.6366017309103224e-05
    ],
    "scale_": [
        1.1415679619384365e-05
    ],
    "data_min_": [
        3.18562
    ],
    "data_max_": [
        87602.0
    ],
    "data_range_": [
        87598.81438
    ]
}