{
    "min_": [-0.00010803686745930463], 
    "scale_": [1.0803686564031523e-05],
    "data_min_": [10.0], 
    "data_max_": [92571.0],
    "data_range_": [92561.0]
    }